variant,algorithm,configuration,k,n_clusters,noise_share,min_cluster_share,silhouette,davies_bouldin,calinski_harabasz,eligible,initialization_stability_ari_mean,initialization_stability_nmi_mean,ahc_subsample_stability_ari_mean,ahc_subsample_stability_nmi_mean,cluster_persistence,min_cluster_size,min_samples,cluster_selection_method,relative_validity_dbcv
primary,KMeans,k=2,2.0,2,0.0,0.4383113760938552,0.1570757387941181,2.1506672515917944,2080.6800194073858,True,0.9975584725072036,0.9931082573332196,,,,,,,
primary,KMeans,k=3,3.0,3,0.0,0.219924992787768,0.1605140292188835,1.9260192690831,1851.3997634054792,True,0.997212350492393,0.9937210396436852,,,,,,,
primary,KMeans,k=4,4.0,4,0.0,0.1898259448023848,0.1599946500506895,1.7489280336577386,1752.3889515363396,True,0.9981027210330822,0.996267108515252,,,,,,,
primary,KMeans,k=5,5.0,5,0.0,0.1202038657563227,0.1432280742926157,1.7693690470936771,1606.02699255765,True,0.996316460016266,0.993310825627624,,,,,,,
primary,KMeans,k=6,6.0,6,0.0,0.0603904221559765,0.1445176431683981,1.7233717934182164,1476.6757166591703,True,0.9953036646471614,0.9927326080351528,,,,,,,
primary,KMeans,k=7,7.0,7,0.0,0.0618328685450524,0.135176738657302,1.786842504550009,1365.7863990091764,True,0.9831881557701524,0.9804173066969482,,,,,,,
primary,KMeans,k=8,8.0,8,0.0,0.0623136840080777,0.1232488246912612,1.8836010846741225,1261.925944600033,True,0.9547460823580952,0.949336558997393,,,,,,,
primary,KMeans,k=9,9.0,9,0.0,0.0592364650447158,0.1214447722357858,1.8340315194871952,1184.688050454854,True,0.8716217111488758,0.8922501421992071,,,,,,,
primary,KMeans,k=10,10.0,10,0.0,0.0511587652658909,0.1194864174880784,1.8856952273901804,1116.9358002793342,True,0.9053452454360392,0.9205472142450492,,,,,,,
primary,AHC,k=2,2.0,2,0.0,0.2263679199923069,0.1473397571116275,2.0832266014471195,1442.4839634340683,True,,,0.2126909900880201,0.2887558137265118,,,,,
primary,AHC,k=3,3.0,3,0.0,0.2263679199923069,0.1162712809736936,2.266887749231361,1457.6343429056706,True,,,0.4394371161068232,0.5236229281279301,,,,,
primary,AHC,k=4,4.0,4,0.0,0.1082796422732955,0.1276654015946672,1.9882422046973147,1437.7671321620082,True,,,0.4458178408130092,0.5145886182618052,,,,,
primary,AHC,k=5,5.0,5,0.0,0.1082796422732955,0.1055428192563715,2.03974487046018,1286.2147697300084,True,,,0.4651653223231016,0.5317105872761374,,,,,
primary,AHC,k=6,6.0,6,0.0,0.0786614097509375,0.1059277694036602,1.9878072467285208,1206.3137591060558,True,,,0.4478738509918645,0.5603395805999152,,,,,
primary,AHC,k=7,7.0,7,0.0,0.0786614097509375,0.0933215761225178,2.0601414238709626,1152.7018837324997,True,,,0.5178878763842122,0.5947234327458388,,,,,
primary,AHC,k=8,8.0,8,0.0,0.0631791518415232,0.0836931310278122,2.0029098892913018,1061.7198762379896,True,,,0.4942111789110904,0.6032216172722458,,,,,
primary,AHC,k=9,9.0,9,0.0,0.023175305317819,0.0875193251545294,1.971492734012926,988.723322348855,True,,,0.4888681808316502,0.608744978051088,,,,,
primary,AHC,k=10,10.0,10,0.0,0.023175305317819,0.0828836774596926,1.9992400724382224,929.7434556178916,True,,,0.4961081502285221,0.629957350408766,,,,,
primary,HDBSCAN,mcs=50;ms=5;method=eom,,2,0.3024329262429079,0.0114434080200019,0.2726710765659351,1.0758638536828675,270.7519325748274,False,,,,,0.0495453845493463,50.0,5.0,eom,0.0001180376143314
primary,HDBSCAN,mcs=50;ms=5;method=leaf,,7,0.85950572170401,0.0065390902971439,0.2341258853779527,1.3494585191503674,359.99096542342784,False,,,,,0.0713870650846454,50.0,5.0,leaf,0.047149246437189
primary,HDBSCAN,mcs=50;ms=10;method=eom,,2,0.4523511876141937,0.0061544379267237,0.2929965583603471,0.9722982046998614,164.94870779640877,False,,,,,0.0283293006395892,50.0,10.0,eom,4.053020986690022e-05
primary,HDBSCAN,mcs=50;ms=10;method=leaf,,6,0.8833541686700644,0.0049043177228579,0.248126425308105,1.341205273576697,286.52537512253014,False,,,,,0.0564037238049592,50.0,10.0,leaf,0.048642243489974
primary,HDBSCAN,mcs=50;ms=25;method=eom,,4,0.8771035676507356,0.0168285412058851,0.235788618473662,1.463403517462439,377.8543408252166,False,,,,,0.060380146868355,50.0,25.0,eom,0.0002415685430741
primary,HDBSCAN,mcs=50;ms=25;method=leaf,,4,0.8771035676507356,0.0168285412058851,0.235788618473662,1.463403517462439,377.8543408252166,False,,,,,0.060380146868355,50.0,25.0,leaf,0.0002415685430741
primary,HDBSCAN,mcs=50;ms=50;method=eom,,3,0.8572939705740936,0.0214443696509279,0.2542471974579323,1.3257725345945526,571.2171665745951,False,,,,,0.06212708646981,50.0,50.0,eom,4.859187785893446e-05
primary,HDBSCAN,mcs=50;ms=50;method=leaf,,3,0.8572939705740936,0.0214443696509279,0.2542471974579323,1.3257725345945526,571.2171665745951,False,,,,,0.06212708646981,50.0,50.0,leaf,4.859187785893446e-05
primary,HDBSCAN,mcs=100;ms=5;method=eom,,2,0.3024329262429079,0.0114434080200019,0.2726710765659351,1.0758638536828675,270.7519325748274,False,,,,,0.0324053696199326,100.0,5.0,eom,0.0001180376143314
primary,HDBSCAN,mcs=100;ms=5;method=leaf,,5,0.7345898644100394,0.0114434080200019,0.1738128902689565,1.5833130426996926,483.8040314362534,False,,,,,0.0856088470632659,100.0,5.0,leaf,0.0003206520768288
primary,HDBSCAN,mcs=100;ms=10;method=eom,,4,0.8167131454947592,0.0177901721319357,0.2034360076007387,1.5498435353624092,445.3295465672881,False,,,,,0.0828392362849171,100.0,10.0,eom,0.0420428445847053
primary,HDBSCAN,mcs=100;ms=10;method=leaf,,4,0.8167131454947592,0.0177901721319357,0.2034360076007387,1.5498435353624092,445.3295465672881,False,,,,,0.0828392362849171,100.0,10.0,leaf,0.0420428445847053
primary,HDBSCAN,mcs=100;ms=25;method=eom,,4,0.8771035676507356,0.0168285412058851,0.235788618473662,1.463403517462439,377.8543408252166,False,,,,,0.0500596180422495,100.0,25.0,eom,0.0002415685430741
primary,HDBSCAN,mcs=100;ms=25;method=leaf,,4,0.8771035676507356,0.0168285412058851,0.235788618473662,1.463403517462439,377.8543408252166,False,,,,,0.0500596180422495,100.0,25.0,leaf,0.0002415685430741
primary,HDBSCAN,mcs=100;ms=50;method=eom,,3,0.8572939705740936,0.0214443696509279,0.2542471974579323,1.3257725345945526,571.2171665745951,False,,,,,0.0557132263107256,100.0,50.0,eom,4.859187785893446e-05
primary,HDBSCAN,mcs=100;ms=50;method=leaf,,3,0.8572939705740936,0.0214443696509279,0.2542471974579323,1.3257725345945526,571.2171665745951,False,,,,,0.0557132263107256,100.0,50.0,leaf,4.859187785893446e-05
primary,HDBSCAN,mcs=200;ms=5;method=eom,,2,0.5097605538994134,0.0418309452832003,0.12683954322578,1.4869566479210603,466.23269137933215,False,,,,,0.1085927629913303,200.0,5.0,eom,0.0001688561618672
primary,HDBSCAN,mcs=200;ms=5;method=leaf,,4,0.7460332724300414,0.0266371766516011,0.1680775700746077,1.7231734079687664,486.5411972317159,False,,,,,0.0936065866190296,200.0,5.0,leaf,0.0002290043368604
primary,HDBSCAN,mcs=200;ms=10;method=eom,,3,0.7545917876718915,0.0342340609674007,0.1653489054139323,1.644485662376104,461.3042181054444,False,,,,,0.0789253094767394,200.0,10.0,eom,0.0007571498128663
primary,HDBSCAN,mcs=200;ms=10;method=leaf,,3,0.7545917876718915,0.0342340609674007,0.1653489054139323,1.644485662376104,461.3042181054444,False,,,,,0.0789253094767394,200.0,10.0,leaf,0.0007571498128663
primary,HDBSCAN,mcs=200;ms=25;method=eom,,3,0.8748918165208193,0.0217328589287431,0.2475009046050852,1.359012900258638,471.7960512140773,False,,,,,0.0353701285143235,200.0,25.0,eom,0.0415925768101847
primary,HDBSCAN,mcs=200;ms=25;method=leaf,,3,0.8748918165208193,0.0217328589287431,0.2475009046050852,1.359012900258638,471.7960512140773,False,,,,,0.0353701285143235,200.0,25.0,leaf,0.0415925768101847
primary,HDBSCAN,mcs=200;ms=50;method=eom,,3,0.8572939705740936,0.0214443696509279,0.2542471974579323,1.3257725345945526,571.2171665745951,False,,,,,0.0377064641640186,200.0,50.0,eom,4.859187785893446e-05
primary,HDBSCAN,mcs=200;ms=50;method=leaf,,3,0.8572939705740936,0.0214443696509279,0.2542471974579323,1.3257725345945526,571.2171665745951,False,,,,,0.0377064641640186,200.0,50.0,leaf,4.859187785893446e-05
primary,HDBSCAN,mcs=300;ms=5;method=eom,,2,0.5097605538994134,0.0418309452832003,0.12683954322578,1.4869566479210603,466.23269137933215,False,,,,,0.0814359699378615,300.0,5.0,eom,0.0001688561618672
primary,HDBSCAN,mcs=300;ms=5;method=leaf,,3,0.7726704490816425,0.0418309452832003,0.2146365315362527,1.523438369784932,602.9581633469007,False,,,,,0.0841354902263952,300.0,5.0,leaf,0.0362364784015439
primary,HDBSCAN,mcs=300;ms=10;method=eom,,3,0.7545917876718915,0.0342340609674007,0.1653489054139323,1.644485662376104,461.3042181054444,False,,,,,0.0454387538232166,300.0,10.0,eom,0.0007571498128663
primary,HDBSCAN,mcs=300;ms=10;method=leaf,,3,0.7545917876718915,0.0342340609674007,0.1653489054139323,1.644485662376104,461.3042181054444,False,,,,,0.0454387538232166,300.0,10.0,leaf,0.0007571498128663
primary,HDBSCAN,mcs=300;ms=25;method=eom,,2,0.8539282623329166,0.0459659582652178,0.2513967931431948,1.420372197165476,564.3736397527268,False,,,,,0.0227010367141051,300.0,25.0,eom,0.0001921734794954
primary,HDBSCAN,mcs=300;ms=25;method=leaf,,2,0.8539282623329166,0.0459659582652178,0.2513967931431948,1.420372197165476,564.3736397527268,False,,,,,0.0227010367141051,300.0,25.0,leaf,0.0001921734794954
primary,HDBSCAN,mcs=300;ms=50;method=eom,,2,0.824694682180979,0.047985383209924,0.2523854365527789,1.3808207376789,639.6837361606871,False,,,,,0.0402994911984046,300.0,50.0,eom,4.979102834196872e-05
primary,HDBSCAN,mcs=300;ms=50;method=leaf,,2,0.824694682180979,0.047985383209924,0.2523854365527789,1.3808207376789,639.6837361606871,False,,,,,0.0402994911984046,300.0,50.0,leaf,4.979102834196872e-05
primary,HDBSCAN,mcs=500;ms=5;method=eom,,0,1.0,0.0,,,,False,,,,,0.0,500.0,5.0,eom,0.0
primary,HDBSCAN,mcs=500;ms=5;method=leaf,,0,1.0,0.0,,,,False,,,,,0.0,500.0,5.0,leaf,0.0
primary,HDBSCAN,mcs=500;ms=10;method=eom,,0,1.0,0.0,,,,False,,,,,0.0,500.0,10.0,eom,0.0
primary,HDBSCAN,mcs=500;ms=10;method=leaf,,0,1.0,0.0,,,,False,,,,,0.0,500.0,10.0,leaf,0.0
primary,HDBSCAN,mcs=500;ms=25;method=eom,,0,1.0,0.0,,,,False,,,,,0.0,500.0,25.0,eom,0.0
primary,HDBSCAN,mcs=500;ms=25;method=leaf,,0,1.0,0.0,,,,False,,,,,0.0,500.0,25.0,leaf,0.0
primary,HDBSCAN,mcs=500;ms=50;method=eom,,0,1.0,0.0,,,,False,,,,,0.0,500.0,50.0,eom,0.0
primary,HDBSCAN,mcs=500;ms=50;method=leaf,,0,1.0,0.0,,,,False,,,,,0.0,500.0,50.0,leaf,0.0
time_sensitivity,KMeans,k=2,2.0,2,0.0,0.4473507067987306,0.1495132883962885,2.2204723708315286,1973.716990953028,True,0.998423433674328,0.995451728398646,,,,,,,
time_sensitivity,KMeans,k=3,3.0,3,0.0,0.2233868641215501,0.1484336869275916,2.041163556969517,1690.8686313696862,True,0.994292249196383,0.989309424710212,,,,,,,
time_sensitivity,KMeans,k=4,4.0,4,0.0,0.1846331378017117,0.1461509354560838,1.8703786301188892,1569.8443541770698,True,0.9997182376940952,0.9992246721849808,,,,,,,
time_sensitivity,KMeans,k=5,5.0,5,0.0,0.1129916338109433,0.1305386827854603,1.8739813828382768,1426.025987018441,True,0.9916013846990692,0.9856141730309552,,,,,,,
time_sensitivity,KMeans,k=6,6.0,6,0.0,0.0599096066929512,0.1291960339330727,1.864856570729672,1298.307654876026,True,0.9814842217578964,0.9772418899343752,,,,,,,
time_sensitivity,KMeans,k=7,7.0,7,0.0,0.0606789114337917,0.1190501627642099,1.9306894870870557,1191.0343962000106,True,0.9854205847059728,0.98096846756225,,,,,,,
time_sensitivity,KMeans,k=8,8.0,8,0.0,0.0592364650447158,0.1136984212653026,2.018604265131906,1096.6742802032356,True,0.9423091569743464,0.9384726255557616,,,,,,,
time_sensitivity,KMeans,k=9,9.0,9,0.0,0.0568323877295893,0.1100217015128385,2.00971555325522,1023.560571194586,True,0.8364575747773675,0.8791601812187769,,,,,,,
time_sensitivity,KMeans,k=10,10.0,10,0.0,0.0557745937109337,0.1072206854535261,2.048829515267708,966.8786336299496,True,0.9674095430850423,0.9693571950429372,,,,,,,
time_sensitivity,AHC,k=2,2.0,2,0.0,0.4688912395422637,0.1155203544823947,2.599064312353128,1433.3419644340192,True,,,0.2591482748039224,0.2457070596745121,,,,,
time_sensitivity,AHC,k=3,3.0,3,0.0,0.2213674391768439,0.1201685430730799,2.216386903926075,1319.1139696809164,True,,,0.4669413744313825,0.4955454386660102,,,,,
time_sensitivity,AHC,k=4,4.0,4,0.0,0.2213674391768439,0.0995821064914406,2.3172448583396874,1216.54915721295,True,,,0.4026257498787092,0.4714357398012202,,,,,
time_sensitivity,AHC,k=5,5.0,5,0.0,0.0534666794884123,0.0933028236617718,2.143756803555717,1080.4317108906785,True,,,0.4126812137485949,0.4882310509185172,,,,,
time_sensitivity,AHC,k=6,6.0,6,0.0,0.0534666794884123,0.0933979616652606,2.121782989085032,1010.6015299610468,True,,,0.3684924204708305,0.5071558031855654,,,,,
time_sensitivity,AHC,k=7,7.0,7,0.0,0.0391383786902586,0.0930666962801745,2.17028933627796,945.8456459022112,True,,,0.3617566886472673,0.4988065927744595,,,,,
time_sensitivity,AHC,k=8,8.0,8,0.0,0.0391383786902586,0.0899600442762863,2.0943022693256825,904.5853788696515,True,,,0.3728241088706198,0.5269126167789138,,,,,
time_sensitivity,AHC,k=9,9.0,9,0.0,0.0391383786902586,0.078135092969079,2.241823491895105,850.7625899256273,True,,,0.3689569154887654,0.5292468464861508,,,,,
time_sensitivity,AHC,k=10,10.0,10,0.0,0.0391383786902586,0.0662736044292059,2.213983384465196,797.9173252393255,True,,,0.3590789756173018,0.5439442688725069,,,,,
time_sensitivity,HDBSCAN,mcs=50;ms=5;method=eom,,5,0.5740936628521973,0.0048081546302529,0.0822046787218128,1.5174916071619984,190.5945145848817,False,,,,,0.0539967323654276,50.0,5.0,eom,0.0001135525322928
time_sensitivity,HDBSCAN,mcs=50;ms=5;method=leaf,,9,0.8762380998172902,0.0048081546302529,0.232354828945098,1.5692100857410267,219.82723733188655,False,,,,,0.045814616401641,50.0,5.0,leaf,0.0087833972688944
time_sensitivity,HDBSCAN,mcs=50;ms=10;method=eom,,2,0.7282431002981056,0.0350995288008462,0.1270515992965145,1.631869549750406,340.66997645920515,False,,,,,0.0901342746524993,50.0,10.0,eom,0.0001591768283576
time_sensitivity,HDBSCAN,mcs=50;ms=10;method=leaf,,5,0.8915280315414944,0.0059621117415136,0.2152883760317753,1.630095351387147,229.7510955777076,False,,,,,0.0584377256518113,50.0,10.0,leaf,0.006544100278812
time_sensitivity,HDBSCAN,mcs=50;ms=25;method=eom,,4,0.9068179632656986,0.0121165496682373,0.2310415330862935,1.611898860344113,269.893534578251,False,,,,,0.0534981194121852,50.0,25.0,eom,0.0001871177366219
time_sensitivity,HDBSCAN,mcs=50;ms=25;method=leaf,,4,0.9068179632656986,0.0121165496682373,0.2310415330862935,1.611898860344113,269.893534578251,False,,,,,0.0534981194121852,50.0,25.0,leaf,0.0001871177366219
time_sensitivity,HDBSCAN,mcs=50;ms=50;method=eom,,3,0.9337436291951148,0.014905279353784,0.2911982954258016,1.3323751802135633,299.99698722812536,False,,,,,0.0440665251756563,50.0,50.0,eom,0.0276789092027644
time_sensitivity,HDBSCAN,mcs=50;ms=50;method=leaf,,3,0.9337436291951148,0.014905279353784,0.2911982954258016,1.3323751802135633,299.99698722812536,False,,,,,0.0440665251756563,50.0,50.0,leaf,0.0276789092027644
time_sensitivity,HDBSCAN,mcs=100;ms=5;method=eom,,2,0.5377440138474854,0.0421194345610154,0.116031920759178,1.6716698174928235,400.1831468645239,False,,,,,0.112601348884458,100.0,5.0,eom,4.575068225964439e-05
time_sensitivity,HDBSCAN,mcs=100;ms=5;method=leaf,,4,0.8149822098278681,0.0242330993364746,0.1647656167757642,1.8181628556640104,354.67164937934007,False,,,,,0.0787281918058846,100.0,5.0,leaf,0.002544889014518
time_sensitivity,HDBSCAN,mcs=100;ms=10;method=eom,,2,0.7282431002981056,0.0350995288008462,0.1270515992965145,1.631869549750406,340.66997645920515,False,,,,,0.0920663794420445,100.0,10.0,eom,0.0001591768283576
time_sensitivity,HDBSCAN,mcs=100;ms=10;method=leaf,,4,0.897490143283008,0.0140398115203384,0.2155252834822668,1.6815786802985428,262.20880583161863,False,,,,,0.0605383425996405,100.0,10.0,leaf,0.0012665280613096
time_sensitivity,HDBSCAN,mcs=100;ms=25;method=eom,,3,0.8664294643715742,0.0121165496682373,0.1457944153509489,1.7369559825289165,245.64714348376768,False,,,,,0.0396419973556776,100.0,25.0,eom,0.0001882982786376
time_sensitivity,HDBSCAN,mcs=100;ms=25;method=leaf,,4,0.9068179632656986,0.0121165496682373,0.2310415330862935,1.611898860344113,269.893534578251,False,,,,,0.0429721692216169,100.0,25.0,leaf,0.0001871177366219
time_sensitivity,HDBSCAN,mcs=100;ms=50;method=eom,,2,0.9146071737667084,0.0307721896336186,0.2681145889522855,1.4051843750071271,368.5808791445984,False,,,,,0.0380929798938556,100.0,50.0,eom,3.535724450962842e-05
time_sensitivity,HDBSCAN,mcs=100;ms=50;method=leaf,,3,0.9337436291951148,0.014905279353784,0.2911982954258016,1.3323751802135633,299.99698722812536,False,,,,,0.0360946903534788,100.0,50.0,leaf,0.0276789092027644
time_sensitivity,HDBSCAN,mcs=200;ms=5;method=eom,,2,0.5377440138474854,0.0421194345610154,0.116031920759178,1.6716698174928235,400.1831468645239,False,,,,,0.1050007589141628,200.0,5.0,eom,4.575068225964439e-05
time_sensitivity,HDBSCAN,mcs=200;ms=5;method=leaf,,4,0.8149822098278681,0.0242330993364746,0.1647656167757642,1.8181628556640104,354.67164937934007,False,,,,,0.0569943656417379,200.0,5.0,leaf,0.002544889014518
time_sensitivity,HDBSCAN,mcs=200;ms=10;method=eom,,2,0.7282431002981056,0.0350995288008462,0.1270515992965145,1.631869549750406,340.66997645920515,False,,,,,0.0827304009830567,200.0,10.0,eom,0.0001591768283576
time_sensitivity,HDBSCAN,mcs=200;ms=10;method=leaf,,3,0.9115299548033464,0.0208673910952976,0.2573333693952367,1.4821343161088931,337.4337139475448,False,,,,,0.0446938672331262,200.0,10.0,leaf,0.0307893478501245
time_sensitivity,HDBSCAN,mcs=200;ms=25;method=eom,,2,0.8639292239638426,0.0449081642465621,0.2160194488581749,1.6212067540481778,420.15535332800016,False,,,,,0.0357617715676162,200.0,25.0,eom,6.348043359161485e-05
time_sensitivity,HDBSCAN,mcs=200;ms=25;method=leaf,,2,0.8639292239638426,0.0449081642465621,0.2160194488581749,1.6212067540481778,420.15535332800016,False,,,,,0.0357617715676162,200.0,25.0,leaf,6.348043359161485e-05
time_sensitivity,HDBSCAN,mcs=200;ms=50;method=eom,,2,0.9146071737667084,0.0307721896336186,0.2681145889522855,1.4051843750071271,368.5808791445984,False,,,,,0.0304546554372397,200.0,50.0,eom,3.535724450962842e-05
time_sensitivity,HDBSCAN,mcs=200;ms=50;method=leaf,,2,0.9146071737667084,0.0307721896336186,0.2681145889522855,1.4051843750071271,368.5808791445984,False,,,,,0.0304546554372397,200.0,50.0,leaf,3.535724450962842e-05
time_sensitivity,HDBSCAN,mcs=300;ms=5;method=eom,,2,0.5377440138474854,0.0421194345610154,0.116031920759178,1.6716698174928235,400.1831468645239,False,,,,,0.0922119413159064,300.0,5.0,eom,4.575068225964439e-05
time_sensitivity,HDBSCAN,mcs=300;ms=5;method=leaf,,3,0.8392153091643427,0.038080584671603,0.2129360667496311,1.6585210245736957,448.4438431227388,False,,,,,0.0572242244092232,300.0,5.0,leaf,0.036126730976257
time_sensitivity,HDBSCAN,mcs=300;ms=10;method=eom,,2,0.7282431002981056,0.0350995288008462,0.1270515992965145,1.631869549750406,340.66997645920515,False,,,,,0.0644226337766887,300.0,10.0,eom,0.0001591768283576
time_sensitivity,HDBSCAN,mcs=300;ms=10;method=leaf,,2,0.7282431002981056,0.0350995288008462,0.1270515992965145,1.631869549750406,340.66997645920515,False,,,,,0.0644226337766887,300.0,10.0,leaf,0.0001591768283576
time_sensitivity,HDBSCAN,mcs=300;ms=25;method=eom,,2,0.8639292239638426,0.0449081642465621,0.2160194488581749,1.6212067540481778,420.15535332800016,False,,,,,0.0220335908981307,300.0,25.0,eom,6.348043359161485e-05
time_sensitivity,HDBSCAN,mcs=300;ms=25;method=leaf,,2,0.8639292239638426,0.0449081642465621,0.2160194488581749,1.6212067540481778,420.15535332800016,False,,,,,0.0220335908981307,300.0,25.0,leaf,6.348043359161485e-05
time_sensitivity,HDBSCAN,mcs=300;ms=50;method=eom,,2,0.9146071737667084,0.0307721896336186,0.2681145889522855,1.4051843750071271,368.5808791445984,False,,,,,0.0137646530962244,300.0,50.0,eom,3.535724450962842e-05
time_sensitivity,HDBSCAN,mcs=300;ms=50;method=leaf,,2,0.9146071737667084,0.0307721896336186,0.2681145889522855,1.4051843750071271,368.5808791445984,False,,,,,0.0137646530962244,300.0,50.0,leaf,3.535724450962842e-05
time_sensitivity,HDBSCAN,mcs=500;ms=5;method=eom,,0,1.0,0.0,,,,False,,,,,0.0,500.0,5.0,eom,0.0
time_sensitivity,HDBSCAN,mcs=500;ms=5;method=leaf,,0,1.0,0.0,,,,False,,,,,0.0,500.0,5.0,leaf,0.0
time_sensitivity,HDBSCAN,mcs=500;ms=10;method=eom,,0,1.0,0.0,,,,False,,,,,0.0,500.0,10.0,eom,0.0
time_sensitivity,HDBSCAN,mcs=500;ms=10;method=leaf,,0,1.0,0.0,,,,False,,,,,0.0,500.0,10.0,leaf,0.0
time_sensitivity,HDBSCAN,mcs=500;ms=25;method=eom,,0,1.0,0.0,,,,False,,,,,0.0,500.0,25.0,eom,0.0
time_sensitivity,HDBSCAN,mcs=500;ms=25;method=leaf,,0,1.0,0.0,,,,False,,,,,0.0,500.0,25.0,leaf,0.0
time_sensitivity,HDBSCAN,mcs=500;ms=50;method=eom,,0,1.0,0.0,,,,False,,,,,0.0,500.0,50.0,eom,0.0
time_sensitivity,HDBSCAN,mcs=500;ms=50;method=leaf,,0,1.0,0.0,,,,False,,,,,0.0,500.0,50.0,leaf,0.0
